{"cameraMode":{"drawMode":0,"name":"Shaded","section":"Shading Mode"},"sceneLighting":true,"audioPlay":false,"sceneViewState":{"showFog":true,"showMaterialUpdate":false,"showSkybox":true,"showFlares":true,"showImageEffects":true,"showParticleSystems":true},"in2DMode":false,"pivot":{"x":-6.43535041809082,"y":0.059121131896972659,"z":-1.545912504196167},"rotation":{"x":0.307557612657547,"y":0.5186465382575989,"z":-0.20703253149986268,"w":0.7704392075538635},"size":11.557624816894532,"orthographic":false}