{"cameraMode":{"drawMode":0,"name":"Shaded","section":"Shading Mode"},"sceneLighting":true,"audioPlay":false,"sceneViewState":{"showFog":true,"showMaterialUpdate":false,"showSkybox":true,"showFlares":true,"showImageEffects":true,"showParticleSystems":true},"in2DMode":false,"pivot":{"x":-4.929558277130127,"y":-0.12481403350830078,"z":-1.9174737930297852},"rotation":{"x":0.458577960729599,"y":0.437265545129776,"z":-0.277693510055542,"w":0.7220854163169861},"size":11.190244674682618,"orthographic":false}